Name,Sequence,dFF
M3-P1,AACCCTACACCATCCACA,0.98824
M3-P2,AACACAGCACCTTCCGAT,0.74183
M3-P3,AACCCGATCCAACCTCAT,1.0448
M3-P4,AACCAATCAACGTCCGCT,0.82122
M3-P5,AGCCCTTCACCACCAACT,2.91696
M3-P6,AACCACACCGCTCGTCCT,0.79546
M3-P7,AGCACCACCACATCCGAT,0.86068
M3-P8,AGCAACACGACTCCTGCT,1.85963
M3-P9,AACCGCATCCATTCCGCT,0.44503
M3-P10,TGCACGACACCTCTTCCT,1.03718
M3-P11,AACACAACTCGACGCGCA,1.57509
M3-P12,ACGAACACGGCACACACT,0.5442
M3-P13,ACGAACACTGCTCCTCCT,0.48006
M3-P14,AACCCGATCCATGCACCT,0.84969
M3-P15,AACACCAACCATTCCGCT,0.89558
M3-P16,AGCACCTGCACTCATCCT,0.78861
M3-P17,AACACAAGACAACGCGTG,2.53844
M3-P18,ACGCCAACCGATCCTCCG,0.76612
M3-P19,AGCACACCCGCTCCTACG,0.83824
M3-P20,ACGCCAACACGATGTGCT,0.76672