Name,Sequence,dFF,,,,,,,,,,
E3#1,ACCTGACACGATCCTATG,0.20597,,,,,,,,,,
E3#2,GGCACAACGCTCGATGCT,0.62686,,,,,,,,,,
E3#3,ATTACAGCGGACAAGTGT,0.39338,,,,,,,,,,
E3#4,TAAGGCCGATCCCACTAT,0.21325,,,,,,,,,,
E3#5,TGACTCCATAACAGTGTG,1.15087,,,,,,,,,,
E3#6,GACACCCTGGACCCGTCG,0.73723,,,,,,,,,,
E3#7,TGGCGTACAAACCGTCTG,0.65847,,,,,,,,,,
E3#8,ACACACTCTACTCTTCCA,0.26397,,,,,,,,,,
E3#9,GACGTTGTGCCCAAGTTG,0.98223,,,,,,,,,,
E3#10,AAGGGACTGAAAGCAATG,1.45753,,,,,,,,,,
E4#1,GATCCAACCGCTGCCACA,1.3514,,,,,,,,,,
E4#2,ACGACGTACACTCCTCCT,1.27193,,,,,,,,,,
E4#3,AACCGCATGTACTCTCCG,1.02657,,,,,,,,,,
E4#4,AACATGCACAGACGTCCG,1.11015,,,,,,,,,,
E4#5,AACCATGCACAACGCGTG,1.04517,,,,,,,,,,
E4#6,ACACAACCTGCTCCTCCT,1.15197,,,,,,,,,,
E4#7,CCCCCCCCCCCCCCCCCC,0.81727,,,,,,,,,,
E4#8,ACGCACAATCCGGCACTT,1.01673,,,,,,,,,,
E4#9,ACAGACTGCAGTCATGTG,0.76213,,,,,,,,,,
E4#10,ACACCAGCCACACGTGCG,0.54147,,,,,,,,,,
E5#1,ACGCACCGACAGCACACT,0.54127,,,,,,,,,,
E5#2,ACACCACACCACACCGAT,0.47627,,,,,,,,,,
E5#3,ACGACAACCAACACTGTG,1.33259,,,,,,,,,,
E5#4,AGCACACTACACACGGCG,0.8454,,,,,,,,,,
E5#5,ACACCACCTCACGACGTG,0.77627,,,,,,,,,,
E5#6,ACACCACCAGACACTGCG,0.80127,,,,,,,,,,
E5#7,ACCAACACCAGCCGTGCG,0.63761,,,,,,,,,,
E5#8,ACACACACCACACGTGCT,0.65277,,,,,,,,,,
E5#9,ACACAACACCCGACGCGG,0.66363,,,,,,,,,,
E5#10,ACACACACAACGACGCGG,0.77176,,,,,,,,,,
E6#1,ACACACACAACGACGCGG,0.70223,,,,,,,,,,
E6#2,AGCACAACACGGCAACCT,1.63693,,,,,,,,,,
E6#3,AACACACCACAGACTCTG,0.74523,,,,,,,,,,
E6#4,ACACACCATCAGACGCCG,0.61943,,,,,,,,,,
E6#5,AGCAGCACACGACACACT,0.96503,,,,,,,,,,
E6#6,ACGCCAACACATTCCGCT,1.68843,,,,,,,,,,
E6#7,AACACACACAGCCGTCCG,0.78507,,,,,,,,,,
E6#8,AACACACACAGACGCACG,1.0623,,,,,,,,,,
E6#9,AGCACCAGACAGCACACT,1.9069,,,,,,,,,,
E6#10,ACCACGATCCTCACTCCG,0.59733,,,,,,,,,,
C3#1,ACAGACCGACGTGTGCTG,0.28237,,,,,,,,,,
C3#2,TGGGAGCCATCTTGTGCG,0.30723,,,,,,,,,,
C3#3,GTTCAGCCTTTTCGTTCG,0.42323,,,,,,,,,,
C3#4,GGAATCTCCGGCGTCTAT,0.33207,,,,,,,,,,
C3#5,TAGCACAGGTCGTCTATT,0.38593,,,,,,,,,,
C3#6,GCCAATATAGCCCTTCCG,0.79868,,,,,,,,,,
C3#7,AATCACTGCAATGGTCGT,0.31937,,,,,,,,,,
C3#8,AACACATTGACGTGCACT,0.2447,,,,,,,,,,
C3#9,GGGCTGTGCCGTCATGCG,0.55663,,,,,,,,,,
C3#10,GATGGGGAATCATGCGTG,0.27437,,,,,,,,,,
C4#1,ACCGCATCGACATGTGCT,0.44783,,,,,,,,,,
C4#2,ACCGCACGAGCCAGTGTG,0.874,,,,,,,,,,
C4#3,TCACCACATTCCGCTGTG,0.4382,,,,,,,,,,
C4#4,ACCGAGAGCAGACGATGT,0.47915,,,,,,,,,,
C4#5,AACACCACACACGGCGCT,0.42083,,,,,,,,,,
C4#6,GCAGCGTGACTTGACGTG,0.61373,,,,,,,,,,
C4#7,AACACGGCCCTCATGTCG,0.70733,,,,,,,,,,
C4#8,AGCCGTATGCACACCTCA,0.46227,,,,,,,,,,
C4#9,ACACACCGTTCATCCGCG,0.6527,,,,,,,,,,
C4#10,GCTGATCGACGACACGTG,0.41914,,,,,,,,,,
C5#1,AACACCACACACGGCGCT,0.64953,,,,,,,,,,
C5#2,AGCACACTCCACTCCGCT,0.95393,,,,,,,,,,
C5#3,GCACACACCAGCCGTCTG,0.77587,,,,,,,,,,
C5#4,AACCACACACCGTCCGCT,0.9622,,,,,,,,,,
C5#5,ACCACACCATCGACGCGT,0.97047,,,,,,,,,,
C5#6,AGCCACACGACGCGCTCT,0.39057,,,,,,,,,,
C5#7,ACGGCACACACCATCGCT,0.66563,,,,,,,,,,
C5#8,ACGACACTGCACGACGCG,0.56955,,,,,,,,,,
C5#9,ACGGCAACTCCCATTCCG,0.8091,,,,,,,,,,
C5#10,ACGACACCACACTGCTCT,0.50943,,,,,,,,,,
C6#1,ACCGCATCGACATGTGCT,1.01393,,,,,,,,,,
C6#2,ACCGCACGAGCCAGTGTG,0.54137,,,,,,,,,,
C6#3,TCACCACATTCCGCTGTG,0.65097,,,,,,,,,,
C6#4,ACCGAGAGCAGACGATGT,1.00867,,,,,,,,,,
C6#5,AACACCACACACGGCGCT,1.1451,,,,,,,,,,
C6#6,GCAGCGTGACTTGACGTG,1.13463,,,,,,,,,,
C6#7,AACACGGCCCTCATGTCG,0.58513,,,,,,,,,,
C6#8,AGCCGTATGCACACCTCA,0.52833,,,,,,,,,,
C6#9,ACACACCGTTCATCCGCG,0.805,,,,,,,,,,
C6#10,GCTGATCGACGACACGTG,0.78593,,,,,,,,,,