Name,Sequence,dFF,,,,,,
X1,ACAACCCAACTCCGCTCG,1.08182,,,,,,
X2,ACCGACCACAACTCCGCT,1.35637,,,,,,
X3,ACTCCGAACCACTCCGCT,0.86605,,,,,,
X4,TACCACTCCAACTCCGCT,1.35177,,,,,,
X5,AACCGATCCAACCACTCG,2.53192,,,,,,
X6,ACAACCGCTCACTCCGAT,1.54144,,,,,,
X7,ACCAAGCACTCCGATCCT,1.8224,,,,,,
X8,CAACCAGAGCACTCCGAT,1.01194,,,,,,
X9,ACCGCACAATCCTCCGAT,0.98263,,,,,,
X10,AACCAACATCCTTCCGCT,0.78,,,,,,
,,,,,,,,
,,,,,,,,
,,,,,,,,
,,,,,,,,
,,,,,,,,
,,,,,,,,
,,,,,,,,
,,,,,,,,
,,,,,,,,
,,,,,,,,
,,,,,,,,
,,,,,,,,
,,,,,,,,
,,,,,,,,
,,,,,,,,
,,,,,,,,