,Position,Quadrumer
0,1,CGGG
1,2,GGGT
2,3,GGTT
3,4,GTTT
4,5,TTTA
5,6,TTAC
6,7,TACT
7,8,ACTT
8,9,CTTG
9,10,TTGG
10,11,TGGC
11,12,GGCG
12,13,GCGG
13,14,CGGA
14,15,GGAA
15,16,GAAT
16,17,AATG
17,18,ATGA
18,19,TGAC
19,20,GACT
20,21,ACTT
21,22,CTTA
22,23,TTAC
23,24,TACG
24,25,ACGC
25,26,CGCT
26,27,GCTT
27,28,CTTT
28,29,TTTT
29,30,TTTA
30,31,TTAC
31,32,TACT
32,33,ACTA
33,34,CTAT
34,35,TATA
35,36,ATAA
36,1,GCGT
37,2,CGTA
38,3,GTAT
39,4,TATA
40,5,ATAG
41,6,TAGA
42,7,AGAC
43,8,GACT
44,9,ACTG
45,10,CTGA
46,11,TGAC
47,12,GACG
48,13,ACGG
49,14,CGGC
50,15,GGCA
51,16,GCAG
52,17,CAGG
53,18,AGGT
54,19,GGTT
55,20,GTTT
56,21,TTTC
57,22,TTCG
58,23,TCGA
59,24,CGAG
60,25,GAGT
61,26,AGTT
62,27,GTTT
63,28,TTTG
64,29,TTGT
65,30,TGTG
66,31,GTGA
67,32,TGAT
68,33,GATG
69,34,ATGG
70,35,TGGG
71,36,GGGG
72,37,GGGT
73,1,TCGG
74,2,CGGG
75,3,GGGC
76,4,GGCG
77,5,GCGG
78,6,CGGT
79,7,GGTT
80,8,GTTC
81,9,TTCG
82,10,TCGG
83,11,CGGG
84,12,GGGA
85,13,GGAC
86,14,GACC
87,15,ACCT
88,16,CCTT
89,17,CTTG
90,18,TTGC
91,19,TGCT
92,20,GCTG
93,21,CTGC
94,22,TGCG
95,23,GCGA
96,24,CGAC
97,25,GACA
98,26,ACAT
99,27,CATA
100,28,ATAT
101,29,TATG
102,30,ATGC
103,31,TGCG
104,32,GCGT
105,33,CGTA
106,34,GTAT
107,35,TATT
108,36,ATTA
109,37,TTAT
110,1,TACG
111,2,ACGC
112,3,CGCG
113,4,GCGT
114,5,CGTA
115,6,GTAT
116,7,TATA
117,8,ATAT
118,9,TATA
119,10,ATAT
120,11,TATA
121,12,ATAA
122,13,TAAT
123,14,AATT
124,15,ATTG
125,16,TTGG
126,17,TGGG
127,18,GGGT
128,19,GGTC
129,20,GTCC
130,21,TCCG
131,22,CCGG
132,23,CGGT
133,24,GGTA
134,25,GTAT
135,26,TATA
136,27,ATAT
137,28,TATT
138,29,ATTT
139,30,TTTA
140,31,TTAC
141,32,TACC
142,33,ACCG
143,34,CCGA
144,35,CGAG
145,36,GAGC
146,37,AGCT
147,1,TCAT
148,2,CATC
149,3,ATCA
150,4,TCAG
151,5,CAGT
152,6,AGTG
153,7,GTGG
154,8,TGGA
155,9,GGAA
156,10,GAAG
157,11,AAGG
158,12,AGGG
159,13,GGGG
160,14,GGGC
161,15,GGCC
162,16,GCCA
163,17,CCAC
164,18,CACA
165,19,ACAA
166,20,CAAC
167,21,AACT
168,22,ACTC
169,23,CTCG
170,24,TCGC
171,25,CGCT
172,26,GCTT
173,27,CTTT
174,28,TTTG
175,29,TTGT
176,30,TGTA
177,31,GTAG
178,32,TAGA
179,33,AGAG
180,34,GAGT
181,35,AGTT
182,36,GTTG
183,37,TTGG
184,1,GACC
185,2,ACCG
186,3,CCGC
187,4,CGCG
188,5,GCGC
189,6,CGCG
190,7,GCGA
191,8,CGAG
192,9,GAGA
193,10,AGAA
194,11,GAAA
195,12,AAAA
196,13,AAAG
197,14,AAGG
198,15,AGGG
199,16,GGGT
200,17,GGTT
201,18,GTTC
202,19,TTCG
203,20,TCGT
204,21,CGTT
205,22,GTTC
206,23,TTCG
207,24,TCGT
208,25,CGTG
209,26,GTGA
210,27,TGAG
211,28,GAGG
212,29,AGGA
213,30,GGAG
214,31,GAGC
215,32,AGCG
216,33,GCGA
217,34,CGAG
218,35,GAGA
219,36,AGAG
220,37,GAGA
221,1,CTTT
222,2,TTTT
223,3,TTTA
224,4,TTAT
225,5,TATC
226,6,ATCT
227,7,TCTA
228,8,CTAG
229,9,TAGT
230,10,AGTC
231,11,GTCT
232,12,TCTT
233,13,CTTC
234,14,TTCC
235,15,TCCG
236,16,CCGC
237,17,CGCT
238,18,GCTT
239,19,CTTC
240,20,TTCA
241,21,TCAA
242,22,CAAA
243,23,AAAG
244,24,AAGC
245,25,AGCT
246,26,GCTT
247,27,CTTG
248,28,TTGT
249,29,TGTC
250,30,GTCA
251,31,TCAA
252,32,CAAT
253,33,AATT
254,34,ATTG
255,35,TTGA
256,36,TGAC
257,37,GACC
258,1,AAAT
259,2,AATC
260,3,ATCG
261,4,TCGA
262,5,CGAA
263,6,GAAT
264,7,AATG
265,8,ATGA
266,9,TGAT
267,10,GATG
268,11,ATGA
269,12,TGAT
270,13,GATG
271,14,ATGT
272,15,TGTT
273,16,GTTA
274,17,TTAG
275,18,TAGA
276,19,AGAG
277,20,GAGC
278,21,AGCA
279,22,GCAA
280,23,CAAC
281,24,AACG
282,25,ACGG
283,26,CGGG
284,27,GGGC
285,28,GGCA
286,29,GCAA
287,30,CAAT
288,31,AATT
289,32,ATTG
290,33,TTGT
291,34,TGTG
292,35,GTGT
293,36,TGTC
294,37,GTCA
295,1,ATTC
296,2,TTCA
297,3,TCAA
298,4,CAAG
299,5,AAGG
300,6,AGGG
301,7,GGGT
302,8,GGTA
303,9,GTAA
304,10,TAAC
305,11,AACA
306,12,ACAC
307,13,CACA
308,14,ACAT
309,15,CATC
310,16,ATCC
311,17,TCCA
312,18,CCAG
313,19,CAGG
314,20,AGGG
315,21,GGGG
316,22,GGGA
317,23,GGAA
318,24,GAAC
319,25,AACG
320,26,ACGG
321,27,CGGA
322,28,GGAA
323,29,GAAT
324,30,AATT
325,31,ATTG
326,32,TTGC
327,33,TGCA
328,34,GCAG
329,35,CAGC
330,36,AGCC
331,37,GCCC
332,1,AGGG
333,2,GGGA
334,3,GGAT
335,4,GATC
336,5,ATCT
337,6,TCTT
338,7,CTTG
339,8,TTGA
340,9,TGAA
341,10,GAAT
342,11,AATT
343,12,ATTT
344,13,TTTG
345,14,TTGT
346,15,TGTA
347,16,GTAG
348,17,TAGT
349,18,AGTT
350,19,GTTC
351,20,TTCT
352,21,TCTA
353,22,CTAT
354,23,TATC
355,24,ATCT
356,25,TCTG
357,26,CTGG
358,27,TGGG
359,28,GGGG
360,29,GGGA
361,30,GGAG
362,31,GAGC
363,32,AGCA
364,33,GCAC
365,34,CACC
366,35,ACCA
367,36,CCAC
368,37,CACG
369,1,TTTC
370,2,TTCT
371,3,TCTA
372,4,CTAA
373,5,TAAG
374,6,AAGT
375,7,AGTA
376,8,GTAA
377,9,TAAG
378,10,AAGC
379,11,AGCT
380,12,GCTT
381,13,CTTT
382,14,TTTT
383,15,TTTG
384,16,TTGT
385,17,TGTT
386,18,GTTA
387,19,TTAA
388,20,TAAG
389,21,AAGT
390,22,AGTC
391,23,GTCT
392,24,TCTC
393,25,CTCT
394,26,TCTA
395,27,CTAG
396,28,TAGT
397,29,AGTT
398,30,GTTG
399,31,TTGC
400,32,TGCT
401,33,GCTA
402,34,CTAC
403,35,TACG
404,36,ACGG
405,37,CGGA
406,1,TGTG
407,2,GTGA
408,3,TGAA
409,4,GAAG
410,5,AAGG
411,6,AGGG
412,7,GGGG
413,8,GGGG
414,9,GGGG
415,10,GGGT
416,11,GGTA
417,12,GTAC
418,13,TACA
419,14,ACAT
420,15,CATG
421,16,ATGA
422,17,TGAC
423,18,GACG
424,19,ACGG
425,20,CGGG
426,21,GGGG
427,22,GGGA
428,23,GGAC
429,24,GACT
430,25,ACTG
431,26,CTGG
432,27,TGGC
433,28,GGCC
434,29,GCCG
435,30,CCGG
436,31,CGGA
437,32,GGAC
438,33,GACT
439,34,ACTA
440,35,CTAC
441,36,TACA
442,37,ACAG
443,1,TGTT
444,2,GTTA
445,3,TTAG
446,4,TAGG
447,5,AGGC
448,6,GGCT
449,7,GCTG
450,8,CTGG
451,9,TGGG
452,10,GGGA
453,11,GGAC
454,12,GACA
455,13,ACAC
456,14,CACG
457,15,ACGT
458,16,CGTA
459,17,GTAT
460,18,TATT
461,19,ATTA
462,20,TTAC
463,21,TACA
464,22,ACAC
465,23,CACT
466,24,ACTT
467,25,CTTA
468,26,TTAC
469,27,TACC
470,28,ACCG
471,29,CCGT
472,30,CGTA
473,31,GTAA
474,32,TAAA
475,33,AAAT
476,34,AATA
477,35,ATAT
478,36,TATT
479,37,ATTT
480,1,AAGT
481,2,AGTG
482,3,GTGT
483,4,TGTT
484,5,GTTT
485,6,TTTT
486,7,TTTC
487,8,TTCC
488,9,TCCG
489,10,CCGA
490,11,CGAC
491,12,GACT
492,13,ACTC
493,14,CTCG
494,15,TCGG
495,16,CGGA
496,17,GGAA
497,18,GAAA
498,19,AAAG
499,20,AAGG
500,21,AGGG
501,22,GGGA
502,23,GGAC
503,24,GACC
504,25,ACCT
505,26,CCTT
506,27,CTTC
507,28,TTCG
508,29,TCGT
509,30,CGTA
510,31,GTAG
511,32,TAGC
512,33,AGCT
513,34,GCTA
514,35,CTAA
515,36,TAAT
516,37,AATG
517,1,AACA
518,2,ACAG
519,3,CAGT
520,4,AGTT
521,5,GTTT
522,6,TTTC
523,7,TTCT
524,8,TCTT
525,9,CTTT
526,10,TTTT
527,11,TTTA
528,12,TTAC
529,13,TACT
530,14,ACTA
531,15,CTAT
532,16,TATA
533,17,ATAG
534,18,TAGG
535,19,AGGG
536,20,GGGT
537,21,GGTA
538,22,GTAT
539,23,TATT
540,24,ATTT
541,25,TTTC
542,26,TTCG
543,27,TCGA
544,28,CGAC
545,29,GACA
546,30,ACAT
547,31,CATG
548,32,ATGG
549,33,TGGT
550,34,GGTG
551,35,GTGA
552,36,TGAA
553,37,GAAC
554,1,TACC
555,2,ACCA
556,3,CCAG
557,4,CAGG
558,5,AGGA
559,6,GGAA
560,7,GAAT
561,8,AATG
562,9,ATGG
563,10,TGGG
564,11,GGGA
565,12,GGAT
566,13,GATG
567,14,ATGG
568,15,TGGT
569,16,GGTG
570,17,GTGG
571,18,TGGG
572,19,GGGT
573,20,GGTC
574,21,GTCT
575,22,TCTC
576,23,CTCA
577,24,TCAG
578,25,CAGG
579,26,AGGT
580,27,GGTA
581,28,GTAT
582,29,TATC
583,30,ATCG
584,31,TCGT
585,32,CGTA
586,33,GTAT
587,34,TATA
588,35,ATAC
589,36,TACA
590,1,AGAT
591,2,GATG
592,3,ATGT
593,4,TGTA
594,5,GTAC
595,6,TACT
596,7,ACTT
597,8,CTTA
598,9,TTAT
599,10,TATT
600,11,ATTC
601,12,TTCG
602,13,TCGA
603,14,CGAT
604,15,GATA
605,16,ATAG
606,17,TAGT
607,18,AGTT
608,19,GTTT
609,20,TTTG
610,21,TTGG
611,22,TGGC
612,23,GGCC
613,24,GCCG
614,25,CCGT
615,26,CGTG
616,27,GTGG
617,28,TGGC
618,29,GGCC
619,30,GCCT
620,31,CCTC
621,32,CTCC
622,33,TCCT
623,34,CCTG
624,35,CTGC
625,36,TGCG
626,37,GCGC
627,1,CAAT
628,2,AATT
629,3,ATTT
630,4,TTTG
631,5,TTGA
632,6,TGAG
633,7,GAGA
634,8,AGAA
635,9,GAAC
636,10,AACG
637,11,ACGG
638,12,CGGA
639,13,GGAA
640,14,GAAT
641,15,AATG
642,16,ATGG
643,17,TGGA
644,18,GGAG
645,19,GAGT
646,20,AGTA
647,21,GTAT
648,22,TATA
649,23,ATAG
650,24,TAGG
651,25,AGGA
652,26,GGAT
653,27,GATC
654,28,ATCC
655,29,TCCG
656,30,CCGA
657,31,CGAT
658,32,GATA
659,33,ATAA
660,34,TAAC
661,35,AACG
662,36,ACGT
663,37,CGTG
664,1,TTGC
665,2,TGCC
666,3,GCCT
667,4,CCTC
668,5,CTCA
669,6,TCAC
670,7,CACC
671,8,ACCC
672,9,CCCG
673,10,CCGT
674,11,CGTG
675,12,GTGA
676,13,TGAG
677,14,GAGT
678,15,AGTG
679,16,GTGC
680,17,TGCG
681,18,GCGT
682,19,CGTT
683,20,GTTT
684,21,TTTG
685,22,TTGA
686,23,TGAT
687,24,GATT
688,25,ATTT
689,26,TTTT
690,27,TTTC
691,28,TTCC
692,29,TCCC
693,30,CCCT
694,31,CCTG
695,32,CTGT
696,33,TGTG
697,34,GTGT
698,35,TGTC
699,36,GTCA
700,37,TCAT
701,1,CGTT
702,2,GTTT
703,3,TTTT
704,4,TTTT
705,5,TTTT
706,6,TTTA
707,7,TTAC
708,8,TACG
709,9,ACGG
710,10,CGGC
711,11,GGCT
712,12,GCTG
713,13,CTGG
714,14,TGGC
715,15,GGCA
716,16,GCAA
717,17,CAAC
718,18,AACG
719,19,ACGG
720,20,CGGA
721,21,GGAA
722,22,GAAG
723,23,AAGT
724,24,AGTC
725,25,GTCA
726,26,TCAG
727,27,CAGT
728,28,AGTT
729,29,GTTT
730,30,TTTA
731,31,TTAT
732,32,TATT
733,33,ATTC
734,34,TTCT
735,35,TCTT
736,36,CTTC
737,37,TTCA
738,1,CATC
739,2,ATCG
740,3,TCGC
741,4,CGCA
742,5,GCAT
743,6,CATT
744,7,ATTA
745,8,TTAT
746,9,TATT
747,10,ATTC
748,11,TTCG
749,12,TCGC
750,13,CGCG
751,14,GCGG
752,15,CGGC
753,16,GGCC
754,17,GCCG
755,18,CCGG
756,19,CGGC
757,20,GGCC
758,21,GCCA
759,22,CCAA
760,23,CAAC
761,24,AACG
762,25,ACGA
763,26,CGAG
764,27,GAGA
765,28,AGAG
766,29,GAGT
767,30,AGTA
768,31,GTAT
769,32,TATG
770,33,ATGT
771,34,TGTT
772,35,GTTT
773,36,TTTC
774,37,TTCT
775,1,GTGG
776,2,TGGG
777,3,GGGT
778,4,GGTT
779,5,GTTC
780,6,TTCC
781,7,TCCA
782,8,CCAG
783,9,CAGG
784,10,AGGT
785,11,GGTG
786,12,GTGG
787,13,TGGA
788,14,GGAC
789,15,GACA
790,16,ACAT
791,17,CATC
792,18,ATCA
793,19,TCAA
794,20,CAAG
795,21,AAGG
796,22,AGGC
797,23,GGCA
798,24,GCAC
799,25,CACA
800,26,ACAC
801,27,CACT
802,28,ACTC
803,29,CTCT
804,30,TCTT
805,31,CTTG
806,32,TTGG
807,33,TGGT
808,34,GGTT
809,35,GTTA
810,36,TTAA
811,37,TAAG
812,1,GCTT
813,2,CTTT
814,3,TTTT
815,4,TTTT
816,5,TTTC
817,6,TTCT
818,7,TCTT
819,8,CTTA
820,9,TTAC
821,10,TACT
822,11,ACTG
823,12,CTGA
824,13,TGAG
825,14,GAGT
826,15,AGTT
827,16,GTTG
828,17,TTGG
829,18,TGGC
830,19,GGCT
831,20,GCTC
832,21,CTCG
833,22,TCGC
834,23,CGCG
835,24,GCGC
836,25,CGCC
837,26,GCCC
838,27,CCCT
839,28,CCTT
840,29,CTTA
841,30,TTAG
842,31,TAGG
843,32,AGGC
844,33,GGCT
845,34,GCTG
846,35,CTGA
847,36,TGAA
848,37,GAAC
849,1,GCGG
850,2,CGGC
851,3,GGCA
852,4,GCAA
853,5,CAAC
854,6,AACT
855,7,ACTT
856,8,CTTT
857,9,TTTC
858,10,TTCT
859,11,TCTA
860,12,CTAG
861,13,TAGC
862,14,AGCC
863,15,GCCT
864,16,CCTG
865,17,CTGC
866,18,TGCA
867,19,GCAT
868,20,CATA
869,21,ATAT
870,22,TATC
871,23,ATCC
872,24,TCCA
873,25,CCAG
874,26,CAGA
875,27,AGAG
876,28,GAGT
877,29,AGTG
878,30,GTGT
879,31,TGTT
880,32,GTTA
881,33,TTAC
882,34,TACC
883,35,ACCT
884,36,CCTA
885,37,CTAT
886,1,CTGG
887,2,TGGT
888,3,GGTC
889,4,GTCT
890,5,TCTG
891,6,CTGT
892,7,TGTA
893,8,GTAT
894,9,TATC
895,10,ATCT
896,11,TCTC
897,12,CTCG
898,13,TCGC
899,14,CGCG
900,15,GCGG
901,16,CGGA
902,17,GGAT
903,18,GATC
904,19,ATCG
905,20,TCGG
906,21,CGGC
907,22,GGCG
908,23,GCGT
909,24,CGTC
910,25,GTCA
911,26,TCAG
912,27,CAGC
913,28,AGCC
914,29,GCCT
915,30,CCTC
916,31,CTCA
917,32,TCAT
918,33,CATT
919,34,ATTC
920,35,TTCG
921,36,TCGT
922,37,CGTA
923,1,AAGT
924,2,AGTA
925,3,GTAG
926,4,TAGG
927,5,AGGG
928,6,GGGA
929,7,GGAT
930,8,GATC
931,9,ATCT
932,10,TCTT
933,11,CTTA
934,12,TTAT
935,13,TATG
936,14,ATGG
937,15,TGGC
938,16,GGCG
939,17,GCGT
940,18,CGTT
941,19,GTTG
942,20,TTGG
943,21,TGGC
944,22,GGCG
945,23,GCGA
946,24,CGAA
947,25,GAAG
948,26,AAGG
949,27,AGGC
950,28,GGCT
951,29,GCTT
952,30,CTTC
953,31,TTCC
954,32,TCCG
955,33,CCGT
956,34,CGTG
957,35,GTGG
958,36,TGGA
959,37,GGAA
960,1,GGGC
961,2,GGCG
962,3,GCGC
963,4,CGCA
964,5,GCAG
965,6,CAGA
966,7,AGAC
967,8,GACG
968,9,ACGA
969,10,CGAA
970,11,GAAG
971,12,AAGG
972,13,AGGG
973,14,GGGA
974,15,GGAG
975,16,GAGG
976,17,AGGA
977,18,GGAC
978,19,GACC
979,20,ACCT
980,21,CCTG
981,22,CTGC
982,23,TGCA
983,24,GCAT
984,25,CATT
985,26,ATTC
986,27,TTCA
987,28,TCAT
988,29,CATT
989,30,ATTA
990,31,TTAA
991,32,TAAA
992,33,AAAA
993,34,AAAA
994,35,AAAC
995,36,AACT
996,37,ACTG
997,1,CTTG
998,2,TTGA
999,3,TGAG
1000,4,GAGG
1001,5,AGGG
1002,6,GGGT
1003,7,GGTG
1004,8,GTGG
1005,9,TGGC
1006,10,GGCA
1007,11,GCAG
1008,12,CAGT
1009,13,AGTC
1010,14,GTCG
1011,15,TCGC
1012,16,CGCT
1013,17,GCTC
1014,18,CTCG
1015,19,TCGT
1016,20,CGTT
1017,21,GTTG
1018,22,TTGC
1019,23,TGCC
1020,24,GCCT
1021,25,CCTC
1022,26,CTCG
1023,27,TCGT
1024,28,CGTT
1025,29,GTTA
1026,30,TTAG
1027,31,TAGG
1028,32,AGGA
1029,33,GGAT
1030,34,GATT
1031,35,ATTG
1032,36,TTGG
1033,37,TGGC
1034,1,TCCT
1035,2,CCTT
1036,3,CTTT
1037,4,TTTC
1038,5,TTCC
1039,6,TCCC
1040,7,CCCC
1041,8,CCCG
1042,9,CCGA
1043,10,CGAG
1044,11,GAGG
1045,12,AGGC
1046,13,GGCT
1047,14,GCTT
1048,15,CTTG
1049,16,TTGA
1050,17,TGAT
1051,18,GATT
1052,19,ATTA
1053,20,TTAA
1054,21,TAAT
1055,22,AATC
1056,23,ATCG
1057,24,TCGC
1058,25,CGCT
1059,26,GCTT
1060,27,CTTC
1061,28,TTCA
1062,29,TCAG
1063,30,CAGG
1064,31,AGGG
1065,32,GGGC
1066,33,GGCG
1067,34,GCGG
1068,35,CGGT
1069,36,GGTA
1070,37,GTAA
1071,1,GATC
1072,2,ATCA
1073,3,TCAT
1074,4,CATA
1075,5,ATAA
1076,6,TAAT
1077,7,AATC
1078,8,ATCG
1079,9,TCGG
1080,10,CGGG
1081,11,GGGT
1082,12,GGTA
1083,13,GTAC
1084,14,TACG
1085,15,ACGA
1086,16,CGAA
1087,17,GAAG
1088,18,AAGA
1089,19,AGAT
1090,20,GATT
1091,21,ATTA
1092,22,TTAT
1093,23,TATA
1094,24,ATAC
1095,25,TACG
1096,26,ACGG
1097,27,CGGG
1098,28,GGGA
1099,29,GGAC
1100,30,GACA
1101,31,ACAC
1102,32,CACG
1103,33,ACGT
1104,34,CGTA
1105,35,GTAG
1106,36,TAGT
1107,37,AGTA
1108,1,CAAA
1109,2,AAAC
1110,3,AACC
1111,4,ACCA
1112,5,CCAC
1113,6,CACA
1114,7,ACAG
1115,8,CAGC
1116,9,AGCC
1117,10,GCCT
1118,11,CCTG
1119,12,CTGA
1120,13,TGAG
1121,14,GAGT
1122,15,AGTG
1123,16,GTGG
1124,17,TGGT
1125,18,GGTT
1126,19,GTTA
1127,20,TTAG
1128,21,TAGC
1129,22,AGCG
1130,23,GCGT
1131,24,CGTA
1132,25,GTAT
1133,26,TATG
1134,27,ATGT
1135,28,TGTC
1136,29,GTCA
1137,30,TCAT
1138,31,CATT
1139,32,ATTT
1140,33,TTTA
1141,34,TTAC
1142,35,TACG
1143,36,ACGG
1144,37,CGGA
