,Trimer,Count
0,AAA,10
1,AAC,14
2,AAG,17
3,AAT,15
4,ACA,15
5,ACC,12
6,ACG,19
7,ACT,15
8,AGA,12
9,AGC,12
10,AGG,25
11,AGT,22
12,ATA,16
13,ATC,17
14,ATG,16
15,ATT,24
16,CAA,12
17,CAC,11
18,CAG,16
19,CAT,15
20,CCA,8
21,CCC,6
22,CCG,13
23,CCT,14
24,CGA,15
25,CGC,15
26,CGG,25
27,CGT,22
28,CTA,11
29,CTC,12
30,CTG,16
31,CTT,27
32,GAA,19
33,GAC,18
34,GAG,21
35,GAT,16
36,GCA,13
37,GCC,13
38,GCG,21
39,GCT,18
40,GGA,29
41,GGC,26
42,GGG,35
43,GGT,22
44,GTA,26
45,GTC,12
46,GTG,19
47,GTT,27
48,TAA,14
49,TAC,20
50,TAG,17
51,TAT,29
52,TCA,18
53,TCC,12
54,TCG,23
55,TCT,18
56,TGA,19
57,TGC,11
58,TGG,27
59,TGT,18
60,TTA,27
61,TTC,27
62,TTG,25
63,TTT,37
