,Quadrumer,Count
0,AAAA,3
1,AAAC,2
2,AAAG,8
3,AACA,3
4,AACG,3
5,AACT,4
6,AAGA,6
7,AAGC,5
8,AAGG,3
9,AAGT,6
10,AATA,1
11,AATC,3
12,AATG,4
13,AATT,3
14,ACAA,3
15,ACAC,3
16,ACAG,1
17,ACAT,4
18,ACCA,2
19,ACCC,2
20,ACCG,5
21,ACCT,3
22,ACGA,4
23,ACGC,2
24,ACGG,3
25,ACGT,8
26,ACTA,4
27,ACTC,2
28,ACTG,2
29,ACTT,1
30,AGAA,6
31,AGAC,6
32,AGAG,7
33,AGAT,8
34,AGCA,4
35,AGCC,5
36,AGCG,4
37,AGCT,3
38,AGGA,5
39,AGGC,4
40,AGGG,6
41,AGGT,6
42,AGTA,3
43,AGTC,4
44,AGTG,5
45,AGTT,6
46,ATAA,4
47,ATAC,1
48,ATAG,7
49,ATAT,2
50,ATCA,3
51,ATCC,2
52,ATCG,8
53,ATCT,7
54,ATGA,4
55,ATGC,4
56,ATGG,6
57,ATGT,6
58,ATTA,8
59,ATTC,8
60,ATTG,5
61,ATTT,8
62,CAAA,3
63,CAAC,4
64,CAAG,1
65,CAAT,4
66,CACA,3
67,CACC,5
68,CACG,4
69,CAGA,3
70,CAGC,2
71,CAGG,4
72,CAGT,2
73,CATA,2
74,CATC,5
75,CATG,3
76,CATT,9
77,CCAA,2
78,CCAC,6
79,CCAG,3
80,CCAT,3
81,CCCA,3
82,CCCC,1
83,CCCG,1
84,CCCT,2
85,CCGA,3
86,CCGG,3
87,CCGT,3
88,CCTA,3
89,CCTC,3
90,CCTG,3
91,CCTT,3
92,CGAA,3
93,CGAC,5
94,CGAG,6
95,CGAT,5
96,CGCA,2
97,CGCC,3
98,CGCT,3
99,CGGA,1
100,CGGC,3
101,CGGG,5
102,CGGT,1
103,CGTA,7
104,CGTC,5
105,CGTG,3
106,CGTT,3
107,CTAA,2
108,CTAC,4
109,CTAG,5
110,CTAT,9
111,CTCA,4
112,CTCG,1
113,CTCT,5
114,CTGA,4
115,CTGC,3
116,CTGG,2
117,CTGT,2
118,CTTA,3
119,CTTC,1
120,CTTG,5
121,CTTT,6
122,GAAA,6
123,GAAC,2
124,GAAG,5
125,GAAT,3
126,GACA,3
127,GACC,5
128,GACG,3
129,GACT,3
130,GAGA,8
131,GAGC,5
132,GAGG,6
133,GAGT,6
134,GATA,7
135,GATC,7
136,GATG,6
137,GATT,6
138,GCAA,5
139,GCAC,1
140,GCAG,6
141,GCAT,5
142,GCCA,8
143,GCCC,2
144,GCCG,1
145,GCCT,6
146,GCGA,5
147,GCGC,2
148,GCGG,1
149,GCGT,2
150,GCTA,4
151,GCTC,2
152,GCTG,2
153,GCTT,5
154,GGAA,1
155,GGAC,4
156,GGAG,6
157,GGAT,4
158,GGCA,5
159,GGCC,3
160,GGCG,4
161,GGCT,3
162,GGGA,3
163,GGGC,6
164,GGGG,6
165,GGGT,6
166,GGTA,5
167,GGTC,2
168,GGTG,8
169,GGTT,5
170,GTAA,6
171,GTAC,4
172,GTAG,6
173,GTAT,6
174,GTCA,1
175,GTCC,4
176,GTCG,5
177,GTCT,3
178,GTGA,9
179,GTGC,3
180,GTGG,7
181,GTGT,4
182,GTTA,3
183,GTTC,4
184,GTTG,6
185,GTTT,7
186,TAAA,1
187,TAAC,2
188,TAAG,6
189,TAAT,5
190,TACA,2
191,TACC,3
192,TACG,6
193,TACT,1
194,TAGA,10
195,TAGC,4
196,TAGG,7
197,TAGT,4
198,TATA,4
199,TATC,5
200,TATG,6
201,TATT,10
202,TCAA,2
203,TCAC,4
204,TCAG,2
205,TCAT,6
206,TCCA,2
207,TCCC,2
208,TCCG,2
209,TCCT,1
210,TCGA,6
211,TCGC,5
212,TCGG,3
213,TCGT,5
214,TCTA,9
215,TCTC,2
216,TCTG,4
217,TCTT,5
218,TGAA,6
219,TGAC,2
220,TGAG,6
221,TGAT,9
222,TGCA,4
223,TGCC,6
224,TGCG,2
225,TGCT,4
226,TGGA,5
227,TGGC,3
228,TGGG,4
229,TGGT,6
230,TGTA,7
231,TGTC,2
232,TGTG,8
233,TGTT,6
234,TTAA,2
235,TTAC,4
236,TTAG,8
237,TTAT,7
238,TTCA,7
239,TTCC,1
240,TTCG,8
241,TTCT,5
242,TTGA,6
243,TTGC,5
244,TTGG,3
245,TTGT,10
246,TTTA,6
247,TTTC,7
248,TTTG,8
249,TTTT,7
